{
	"HTC Wand (all)": {
		"scale": 1.0000,
		"modelPoints": [
			[ -0.033799126744270325, 0.071255825459957123, -0.022033942863345146 ],
			[ -0.036334112286567688, 0.0897202268242836, -0.0079281022772192955 ],
			[ -0.052738185971975327, 0.075726307928562164, 0.008143463172018528 ],
			[ -0.02720290794968605, 0.10264042019844055, 0.032511964440345764 ],
			[ -0.029439117759466171, 0.094609856605529785, 0.0006631090072914958 ],
			[ 0.029333988204598427, 0.094611123204231262, 0.00060641375603154302 ],
			[ 0.00019188600708730519, 0.11082983016967773, 0.031780946999788284 ],
			[ 0.027423173189163208, 0.10267364233732224, 0.032555971294641495 ],
			[ 0.052695609629154205, 0.075685501098632813, 0.0079645542427897453 ],
			[ 0.036198042333126068, 0.089650169014930725, -0.0079543683677911758 ],
			[ 0.033773612231016159, 0.070943482220172882, -0.02192334458231926 ],
			[ -0.031242160126566887, 0.064806379377841949, -0.0162692591547966 ],
			[ -0.045620985329151154, 0.06471860408782959, -0.0034500965848565102 ],
			[ -0.051827717572450638, 0.067570149898529053, 0.015282425098121166 ],
			[ -0.045875132083892822, 0.077398508787155151, 0.019561091437935829 ],
			[ -0.030495436862111092, 0.093243561685085297, 0.030710047110915184 ],
			[ -0.015191462822258472, 0.084016963839530945, 0.022230174392461777 ],
			[ -6.6038388467859477e-005, 0.05572953075170517, -0.014052713289856911 ],
			[ 0.014952520839869976, 0.084276109933853149, 0.021910835057497025 ],
			[ 0.030868003144860268, 0.093121662735939026, 0.030441682785749435 ],
			[ 0.04590582475066185, 0.077407121658325195, 0.019530083984136581 ],
			[ 0.05196288600564003, 0.067663781344890594, 0.015432465821504593 ],
			[ 0.04548279196023941, 0.064749538898468018, -0.0031762500293552876 ],
			[ 0.031201543286442757, 0.064963541924953461, -0.016476351767778397 ]
		]
	},
	"HTC Tracker (all)": {
		"scale": 1.00585,
		"modelPoints": [
			[-0.026891080662608147, 0.07033729553222656, 0.0865611881017685],
			[-0.04035710543394089, 0.06290369480848312, 0.08717825263738632],
			[-0.029162252321839333, 0.056511975824832916, 0.08831978589296341],
			[-0.04155183956027031, 0.051214832812547684, 0.08834417909383774],
			[-0.03911574184894562, 0.046735815703868866, 0.06324787437915802],
			[-0.026011517271399498, 0.0680261105298996, 0.059306222945451736],
			[-0.03263869509100914, 0.021059662103652954, 0.05874621123075485],
			[-0.02525712177157402, 0.025497712194919586, 0.06882335245609283],
			[-0.008097868412733078, -0.002981139812618494, 0.07432623952627182],
			[-0.012773161754012108, -0.00017462433606851846, 0.08565454930067062],
			[4.421683479449712e-05, 0.07760989665985107, 0.060528457164764404],
			[-4.529515081230784e-06, -0.006927273701876402, 0.08804505318403244],
			[0.01270054280757904, -0.00011941260891035199, 0.08549536764621735],
			[0.008385700173676014, -0.0030044750310480595, 0.07444354891777039],
			[0.02520030178129673, 0.02543707564473152, 0.06871581822633743],
			[0.032409995794296265, 0.02065976709127426, 0.058721497654914856],
			[0.026338238269090652, 0.06821418553590775, 0.059031106531620026],
			[0.03928070142865181, 0.0469614714384079, 0.06334758549928665],
			[0.041420962661504745, 0.05100731551647186, 0.08835995942354202],
			[0.029156267642974854, 0.05656202509999275, 0.08831115067005157],
			[0.0401097871363163, 0.06305677443742752, 0.08715172111988068],
			[0.02680354006588459, 0.07030237466096878, 0.0864909291267395]
		]
	},
	"Vive Knuckles Left (MP)": {
		"scale": 0.999,
		"modelPoints" : [
			[ -0.0707897916, 0.020375872, 0.0299302526 ],
			[ -0.0513110086, 0.040594168, 0.0205051713 ],
			[ 0.00984690618, -0.0113092605, -0.0253489446 ],
			[ 0.0274261069, -0.0102113606, -0.00543847308 ],
			[ -0.0280720759, -0.0868460387, 0.113673873 ],
			[ -0.0231056754, -0.0117471553, -0.0141830463 ],
			[ -0.0761962608, -0.000558656291, 0.0599293485 ],
			[ -0.06234378, -0.0626204237, 0.0851556361 ],
			[ -0.0449208543, 0.0340541378, 0.0154855996 ],
			[ -0.0133734029, -0.00196257047, -0.0146298939 ],
			[ -0.0611248985, -0.050967969, 0.0995702893 ],
			[ 0.00870110001, -0.0973816589, 0.118890919 ],
			[ 0.0238587838, -0.0840748772, 0.0921338573 ],
			[ 0.0159694571, -0.00167530437, -0.0140850237 ],
			[ -0.07751178, -0.0123564722, 0.0455742367 ],
			[ 0.0271707252, -0.0656029209, 0.0959708691 ],
			[ -6.52848321e-05, -0.086577706, 0.123125508 ],
			[ 0.0392090864, -0.0903151035, 0.120545097 ],
			[ -0.00143209472, -0.0984069481, 0.10882587 ],
			[ 0.0427541621, -0.0909840614, 0.109060705 ],
			[ -0.0520664454, 0.0320907347, 0.0104816817 ],
			[ -0.0814466625, -0.0124105792, 0.0578740984 ],
			[ 0.0382101201, -0.100210093, 0.10846702 ]
		]
	},
	"Vive Knuckles Right (MP)" : {
		"scale": 0.999,
		"modelPoints" : [
			[ 0.0702910498, 0.020618435, 0.0301638823 ],
			[ 0.0511468314, 0.0406815335, 0.0210082717 ],
			[ -0.00919874944, -0.0118434941, -0.025335826 ],
			[ -0.0272176694, -0.0104823858, -0.00546530914 ],
			[ 0.0280123856, -0.0867626593, 0.113387287 ],
			[ 0.023235701, -0.0116267391, -0.0138288336 ],
			[ 0.0761634037, -0.000843173882, 0.0595315322 ],
			[ 0.06237505, -0.0627892539, 0.0847544894 ],
			[ 0.0451442488, 0.0346541516, 0.0157592613 ],
			[ 0.0136544425, -0.00204241951, -0.0142466435 ],
			[ 0.061031647, -0.0512913279, 0.0989790857 ],
			[ -0.00862491131, -0.0971843302, 0.118948288 ],
			[ -0.0240703989, -0.0837701112, 0.0922283605 ],
			[ -0.0156702511, -0.00203794264, -0.0144526586 ],
			[ 0.0771381706, -0.0123944776, 0.0451804027 ],
			[ -0.0274712816, -0.0657690242, 0.0957809761 ],
			[ 9.0025329e-05, -0.0867805183, 0.122928716 ],
			[ -0.0390279517, -0.0900351405, 0.12070173 ],
			[ 0.00133052538, -0.0984776095, 0.108887009 ],
			[ -0.0426837355, -0.0908752382, 0.109632164 ],
			[ 0.0519158766, 0.0325047635, 0.0107514113 ],
			[ 0.081124194, -0.0123818228, 0.057544034 ],
			[ -0.0382953435, -0.100004598, 0.10880018 ]
		]
	},
	"Vive Pro HMD" : {
		"scale" : 1.0028,
		"modelPoints" : [
			[ -0.090401113, -0.00120961829, 0.0252076052 ],
			[ -0.0861044675, -0.027273966, 0.0200577099 ],
			[ -0.0900452361, -0.0213868655, 0.032031998 ],
			[ -0.08393047, -0.0101320008, 0.0426831022 ],
			[ -0.0724750087, -0.046746932, 0.0312842056 ],
			[ -0.0613522157, -0.0340795554, 0.045701839 ],
			[ -0.0342657715, -0.0509240218, 0.032558281 ],
			[ -0.0224056952, -0.0274499077, 0.0511743836 ],
			[ 0.0222638715, -0.0274299346, 0.0512031876 ],
			[ 0.0341802761, -0.0511016175, 0.0326586142 ],
			[ 0.0614523925, -0.0339458771, 0.0457026623 ],
			[ 0.0726588368, -0.046944622, 0.0313745141 ],
			[ 0.0840123072, -0.0100219883, 0.0426131673 ],
			[ 0.0899165571, -0.0214634817, 0.0321284607 ],
			[ 0.0859884173, -0.0271535497, 0.0201511271 ],
			[ 0.0904977173, -0.00106433942, 0.0253984611 ],
			[ -0.0223684609, 0.034250617, 0.0510037169 ],
			[ -0.0340631083, 0.0579702035, 0.0326627642 ],
			[ -0.0582412817, 0.0431396142, 0.045900479 ],
			[ -0.0722155347, 0.0524135679, 0.0319131576 ],
			[ -0.0873278454, 0.0345059298, 0.0218394715 ],
			[ -0.0897888541, 0.0285672937, 0.0319432355 ],
			[ -0.0837733597, 0.0171210412, 0.0426170565 ],
			[ -0.0624443479, 0.00383233395, 0.0505357161 ],
			[ 0.062555939, 0.00392901339, 0.0503483601 ],
			[ 0.083776392, 0.0171121787, 0.0426750146 ],
			[ 0.0897971466, 0.0286247414, 0.0319562741 ],
			[ 0.0872704089, 0.0344497822, 0.0219686572 ],
			[ 0.0721969679, 0.0522188433, 0.031694971 ],
			[ 0.0582103357, 0.0430726409, 0.0456257015 ],
			[ 0.034056209, 0.0577683672, 0.0323453844 ],
			[ 0.0223690383, 0.03435928, 0.0510282069 ]
		]
	},
	"Vive HMD" : {
		"scale" : 1.004,